No,filename,diag_pred,diag_gt,age,site,sex
3,LMCI_130_S_4817_201607_06_FC,0,0,65.0,4,1
52,LMCI_013_S_4985_201304_05_FC,0,0,79.0,4,0
9,LMCI_019_S_4293_201510_06_FC,0,0,74.0,4,1
1,LMCI_130_S_4294_201205_05_FC,0,0,76.0,4,0
20,AD_130_S_4982_201210_05_FC,1,1,58.0,4,0
5,LMCI_130_S_4294_201311_05_FC,0,0,77.0,4,0
50,AD_006_S_4192_201210_06_FC,1,1,83.0,4,1
43,LMCI_006_S_4960_201305_08_FC,0,0,60.0,4,1
21,LMCI_006_S_4515_201205_06_FC,0,0,75.0,4,1
51,LMCI_031_S_4203_201309_06_FC,0,0,77.0,4,0
13,AD_130_S_4990_201210_05_FC,1,1,75.0,4,0
19,AD_130_S_4971_201305_05_FC,1,1,77.0,4,1
66,LMCI_027_S_4869_201801_01_FC,0,0,83.0,4,1
7,AD_130_S_4589_201208_05_FC,1,1,75.0,4,0
27,LMCI_031_S_4194_201202_05_FC,0,0,63.0,4,1
25,LMCI_006_S_4346_201205_06_FC,0,0,72.0,4,1
38,LMCI_002_S_4251_201204_07_FC,0,0,73.0,4,1
59,LMCI_031_S_4194_201209_06_FC,0,0,63.0,4,1
46,AD_019_S_5019_201211_06_FC,1,1,63.0,4,0
65,AD_010_S_5163_201305_05_FC,0,1,70.0,4,0
54,AD_130_S_4660_201204_05_FC,1,1,77.0,4,0
8,LMCI_002_S_4521_201502_06_FC,0,0,73.0,4,1
61,LMCI_002_S_4229_201310_06_FC,0,0,69.0,4,1
44,AD_006_S_4153_201111_07_FC,1,1,79.0,4,1
28,LMCI_037_S_4214_201702_01_FC,0,0,80.0,4,1
42,LMCI_006_S_4346_201211_05_FC,0,0,72.0,4,1
53,LMCI_002_S_4654_201805_01_FC,0,0,82.0,4,0
39,LMCI_130_S_4605_201203_05_FC,0,0,85.0,4,0
41,AD_130_S_4971_201210_05_FC,1,1,76.0,4,1
0,LMCI_031_S_4721_201208_05_FC,0,0,86.0,4,1
48,AD_006_S_4867_201303_05_FC,1,1,75.0,4,1
56,AD_130_S_4660_201405_07_FC,1,1,79.0,4,0
2,AD_130_S_4730_201205_05_FC,1,1,81.0,4,0
15,LMCI_006_S_4515_201209_06_FC,0,0,75.0,4,1
10,LMCI_031_S_4029_201108_05_FC,0,0,61.0,4,1
63,AD_006_S_4192_201109_09_FC,1,1,82.0,4,1
33,LMCI_130_S_4817_201307_06_FC,0,0,62.0,4,1
18,AD_006_S_4153_201111_08_FC,1,1,79.0,4,1
32,LMCI_002_S_4654_201204_05_FC,0,0,75.0,4,0
58,LMCI_130_S_4294_201111_06_FC,0,0,75.0,4,0
67,LMCI_031_S_4203_201203_07_FC,0,0,75.0,4,0
40,AD_006_S_4867_201211_08_FC,1,1,74.0,4,1
55,LMCI_018_S_4889_201302_06_FC,0,0,76.0,4,1
11,LMCI_035_S_4114_201709_01_FC,0,0,61.0,4,0
29,AD_019_S_5019_201311_05_FC,1,1,64.0,4,0
26,AD_130_S_5231_201307_05_FC,0,1,74.2,4,0
30,LMCI_012_S_4094_201307_05_FC,0,0,62.0,4,0
60,AD_006_S_4867_201310_05_FC,1,1,75.0,4,1
45,LMCI_006_S_4960_201805_08_FC,0,0,65.0,4,1
47,AD_130_S_4990_201304_05_FC,1,1,76.0,4,0
37,LMCI_006_S_4363_201401_06_FC,0,0,76.0,4,0
4,LMCI_130_S_4605_201210_05_FC,0,0,85.0,4,0
31,LMCI_006_S_4346_201202_06_FC,0,0,72.0,4,1
14,LMCI_130_S_4542_201209_05_FC,0,0,80.0,4,0
34,AD_019_S_4549_201207_07_FC,1,1,79.0,4,1
35,AD_019_S_4477_201208_07_FC,1,1,82.0,4,0
49,LMCI_002_S_4654_201206_05_FC,0,0,76.0,4,0
17,AD_130_S_4984_201309_05_FC,1,1,73.0,4,0
64,LMCI_126_S_4507_201805_01_FC,0,0,84.0,4,1
12,AD_136_S_4993_201210_05_FC,0,1,71.8,4,0
36,AD_130_S_4589_201211_07_FC,1,1,75.0,4,0
62,LMCI_130_S_4817_201704_09_FC,0,0,66.0,4,1
6,AD_006_S_4546_201206_05_FC,1,1,71.0,4,1
22,LMCI_002_S_4219_201112_06_FC,0,0,80.0,4,0
16,LMCI_013_S_4595_201208_05_FC,0,0,77.0,4,1
23,AD_018_S_4696_201211_06_FC,1,1,73.0,4,0
24,LMCI_941_S_4187_201706_01_FC,0,0,68.0,4,1
57,LMCI_019_S_4293_201706_09_FC,0,0,75.0,4,1
